Residents Weekly Confirmed COVID-19,Percentage of Current Residents Up to Date with COVID-19 Vaccines
0.0,49.0
0.0,78.0
0.0,82.0
0.0,67.0
0.0,78.0
0.0,69.0
0.0,93.0
0.0,54.0
0.0,60.0
0.0,47.0
0.0,83.0
0.0,45.0
1.0,63.0
0.0,63.0
0.0,78.0
1.0,70.0
0.0,45.0
0.0,76.0
0.0,78.0
0.0,76.0
0.0,65.0
0.0,77.0
0.0,72.0
0.0,44.0
3.0,73.0
0.0,74.0
1.0,69.0
1.0,82.0
0.0,54.0
0.0,57.0
0.0,66.0
0.0,71.0
2.0,47.0
3.0,78.0
0.0,81.0
0.0,60.0
0.0,85.0
0.0,58.0
0.0,74.0
0.0,56.0
0.0,58.0
0.0,63.0
0.0,73.0
0.0,48.0
0.0,68.0
0.0,75.0
0.0,51.0
0.0,68.0
1.0,63.0
0.0,53.0
0.0,64.0
1.0,66.0
0.0,61.0
6.0,83.0
0.0,61.0
0.0,69.0
0.0,80.0
0.0,55.0
0.0,69.0
0.0,89.0
0.0,65.0
0.0,61.0
0.0,52.0
0.0,50.0
1.0,43.0
0.0,59.0
0.0,61.0
0.0,76.0
0.0,72.0
0.0,74.0
3.0,72.0
0.0,57.0
2.0,71.0
0.0,71.0
0.0,77.0
0.0,80.0
1.0,52.0
0.0,63.0
0.0,72.0
0.0,27.0
0.0,73.0
0.0,64.0
3.0,79.0
0.0,54.0
0.0,81.0
0.0,51.0
0.0,78.0
0.0,59.0
0.0,59.0
0.0,52.0
0.0,81.0
2.0,59.0
0.0,73.0
0.0,44.0
1.0,74.0
0.0,58.0
0.0,56.0
0.0,55.0
0.0,84.0
2.0,63.0
0.0,30.0
0.0,49.0
0.0,71.0
1.0,72.0
0.0,60.0
0.0,52.0
0.0,50.0
0.0,33.0
0.0,66.0
0.0,85.0
0.0,62.0
0.0,59.0
1.0,29.0
1.0,39.0
1.0,60.0
0.0,66.0
0.0,65.0
0.0,72.0
1.0,69.0
1.0,35.0
0.0,67.0
1.0,62.0
0.0,68.0
0.0,44.0
0.0,70.0
0.0,36.0
0.0,57.0
0.0,45.0
0.0,35.0
0.0,68.0
0.0,54.0
0.0,43.0
0.0,49.0
0.0,60.0
3.0,29.0
0.0,48.0
0.0,51.0
6.0,69.0
1.0,54.0
0.0,50.0
0.0,42.0
0.0,70.0
0.0,51.0
0.0,61.0
2.0,57.0
0.0,36.0
0.0,66.0
0.0,54.0
0.0,33.0
0.0,36.0
3.0,35.0
0.0,57.0
1.0,37.0
3.0,34.0
3.0,41.0
0.0,30.0
1.0,21.0
0.0,25.0
0.0,34.0
1.0,62.0
1.0,25.0
0.0,52.0
0.0,17.0
0.0,36.0
4.0,18.0
0.0,35.0
2.0,45.0
1.0,49.0
0.0,33.0
0.0,25.0
1.0,37.0
0.0,29.0
0.0,46.0
0.0,41.0
2.0,31.0
0.0,32.0
0.0,29.0
0.0,40.0
0.0,21.0
0.0,51.0
0.0,21.0
1.0,35.0
0.0,32.0
2.0,45.0
0.0,33.0
0.0,30.0
1.0,46.0
0.0,29.0
2.0,25.0
0.0,24.0
0.0,17.0
0.0,44.0
0.0,43.0
1.0,26.0
0.0,34.0
0.0,34.0
0.0,28.0
0.0,28.0
0.0,29.0
0.0,48.0
0.0,22.0
0.0,32.0
0.0,17.0
3.0,18.0
1.0,43.0
1.0,37.0
0.0,29.0
0.0,30.0
0.0,31.0
0.0,16.0
2.0,31.0
0.0,17.0
1.0,27.0
0.0,37.0
3.0,36.0
1.0,26.0
0.0,17.0
0.0,22.0
0.0,37.0
0.0,19.0
1.0,32.0
0.0,24.0
1.0,17.0
2.0,27.0
0.0,31.0
2.0,16.0
2.0,16.0
0.0,40.0
1.0,18.0
0.0,25.0
0.0,21.0
0.0,27.0
0.0,44.0
0.0,18.0
1.0,19.0
0.0,26.0
3.0,30.0
0.0,25.0
0.0,16.0
0.0,19.0
0.0,20.0
0.0,35.0
0.0,31.0
4.0,20.0
0.0,37.0
2.0,25.0
2.0,38.0
1.0,18.0
6.0,50.0
